<metadata xml:lang="en"><Esri><CreaDate>20190904</CreaDate><CreaTime>09011300</CreaTime><ArcGISFormat>1.0</ArcGISFormat><SyncOnce>FALSE</SyncOnce><DataProperties><itemProps><itemName Sync="TRUE">schooldistrict_sy1819_tl19</itemName><imsContentType Sync="TRUE" export="False">002</imsContentType><itemSize Sync="TRUE">289.822</itemSize><itemLocation><linkage Sync="TRUE">file://\\econ007fs\k\TIGER\TGR19\TL19_SCHOOLDISTRICT\All Levels\schooldistrict_sy1819_tl19.shp</linkage><protocol Sync="TRUE">Local Area Network</protocol></itemLocation><nativeExtBox><westBL Sync="TRUE">-179.168551</westBL><eastBL Sync="TRUE">179.748724</eastBL><southBL Sync="TRUE">-14.548699</southBL><northBL Sync="TRUE">71.389610</northBL><exTypeCode Sync="TRUE">1</exTypeCode></nativeExtBox></itemProps><coordRef><type Sync="TRUE">Geographic</type><geogcsn Sync="TRUE">GCS_North_American_1983</geogcsn><csUnits Sync="TRUE">Angular Unit: Degree (0.017453)</csUnits><peXml Sync="TRUE">&lt;GeographicCoordinateSystem xsi:type='typens:GeographicCoordinateSystem' xmlns:xsi='http://www.w3.org/2001/XMLSchema-instance' xmlns:xs='http://www.w3.org/2001/XMLSchema' xmlns:typens='http://www.esri.com/schemas/ArcGIS/10.5'&gt;&lt;WKT&gt;GEOGCS[&amp;quot;GCS_North_American_1983&amp;quot;,DATUM[&amp;quot;D_North_American_1983&amp;quot;,SPHEROID[&amp;quot;GRS_1980&amp;quot;,6378137.0,298.257222101]],PRIMEM[&amp;quot;Greenwich&amp;quot;,0.0],UNIT[&amp;quot;Degree&amp;quot;,0.0174532925199433],AUTHORITY[&amp;quot;EPSG&amp;quot;,4269]]&lt;/WKT&gt;&lt;XOrigin&gt;-400&lt;/XOrigin&gt;&lt;YOrigin&gt;-400&lt;/YOrigin&gt;&lt;XYScale&gt;11258999068426.238&lt;/XYScale&gt;&lt;ZOrigin&gt;-100000&lt;/ZOrigin&gt;&lt;ZScale&gt;10000&lt;/ZScale&gt;&lt;MOrigin&gt;-100000&lt;/MOrigin&gt;&lt;MScale&gt;10000&lt;/MScale&gt;&lt;XYTolerance&gt;8.9831528411952133e-009&lt;/XYTolerance&gt;&lt;ZTolerance&gt;0.001&lt;/ZTolerance&gt;&lt;MTolerance&gt;0.001&lt;/MTolerance&gt;&lt;HighPrecision&gt;true&lt;/HighPrecision&gt;&lt;LeftLongitude&gt;-180&lt;/LeftLongitude&gt;&lt;WKID&gt;4269&lt;/WKID&gt;&lt;LatestWKID&gt;4269&lt;/LatestWKID&gt;&lt;/GeographicCoordinateSystem&gt;</peXml></coordRef></DataProperties><SyncDate>20191008</SyncDate><SyncTime>13283100</SyncTime><ModDate>20191008</ModDate><ModTime>13283100</ModTime><scaleRange><minScale>150000000</minScale><maxScale>5000</maxScale></scaleRange><ArcGISProfile>FGDC</ArcGISProfile></Esri><dataIdInfo><envirDesc Sync="TRUE">Microsoft Windows Server 2008 R2 Version 6.1 (Build 7601) Service Pack 1; Esri ArcGIS 10.5.1.7333</envirDesc><dataLang><languageCode value="eng" Sync="TRUE"/><countryCode value="USA" Sync="TRUE"/></dataLang><idCitation><resTitle Sync="FALSE">Clipped School Districts</resTitle><presForm><PresFormCd value="005" Sync="TRUE"/></presForm></idCitation><spatRpType><SpatRepTypCd value="001" Sync="TRUE"/></spatRpType><dataExt xmlns=""><geoEle xmlns=""><GeoBndBox esriExtentType="search"><exTypeCode Sync="TRUE">1</exTypeCode><westBL Sync="TRUE">-179.168551</westBL><eastBL Sync="TRUE">179.748724</eastBL><northBL Sync="TRUE">71.389610</northBL><southBL Sync="TRUE">-14.548699</southBL></GeoBndBox></geoEle></dataExt><idPurp>This composite file contains elementary, secondary, and unified school district boundaries from the 2018-2019 academic year collected for the National Center for Education Statistics by the U.S. Census Bureau and reported in TIGER/Line 2019. </idPurp><idAbs>&lt;DIV STYLE="text-align:Left;"&gt;&lt;DIV&gt;&lt;DIV&gt;&lt;P&gt;&lt;SPAN&gt;&lt;SPAN&gt;The National Center for Education Statistics’ (NCES) Education Demographic and Geographic Estimate (EDGE) program develops annually updated school district boundary composite files that include public elementary, secondary, and unified school district boundaries clipped to the U.S. shoreline. School districts are single-purpose administrative units designed by state and local officials to organize and provide public education for local residents. District boundaries are collected for NCES by the U.S. Census Bureau to support educational research and program administration, and the boundaries are essential for constructing district-level estimates of the number of children in poverty. &lt;/SPAN&gt;&lt;/SPAN&gt;&lt;/P&gt;&lt;P&gt;&lt;SPAN&gt;&lt;SPAN&gt;The Census Bureau’s School District Boundary Review program (SDBR) (&lt;/SPAN&gt;&lt;/SPAN&gt;&lt;A href="https://www.census.gov/programs-surveys/sdrp.html"&gt;&lt;SPAN&gt;&lt;SPAN&gt;https://www.census.gov/programs-surveys/sdrp.html&lt;/SPAN&gt;&lt;/SPAN&gt;&lt;/A&gt;&lt;SPAN&gt;) obtains the boundaries, names, and grade ranges from state officials, and integrates these updates into Census TIGER. Census TIGER boundaries include legal maritime buffers for coastal areas by default, but the NCES composite file removes these buffers to facilitate broader use and cleaner cartographic representation. The NCES EDGE program collaborates with the U.S. Census Bureau’s Education Demographic, Geographic, and Economic Statistics (EDGE) Branch to develop the composite school district files. The inputs for this data layer were developed from Census TIGER/Line 2019 and represent boundaries reported for the 2018-2019 school year. For more information about NCES school district boundary data, see &lt;/SPAN&gt;&lt;A href="https://nces.ed.gov/programs/edge/Geographic/DistrictBoundaries"&gt;&lt;SPAN&gt;&lt;SPAN&gt;https://nces.ed.gov/programs/edge/Geographic/DistrictBoundaries&lt;/SPAN&gt;&lt;/SPAN&gt;&lt;/A&gt;&lt;SPAN&gt;&lt;SPAN&gt;. &lt;/SPAN&gt;&lt;/SPAN&gt;&lt;/P&gt;&lt;/DIV&gt;&lt;/DIV&gt;&lt;/DIV&gt;</idAbs><searchKeys><keyword>Elementary School District</keyword><keyword>Secondary School District</keyword><keyword>Unified School District</keyword><keyword>National Geospatial Data Asset</keyword><keyword>United States</keyword><keyword>School District</keyword><keyword>Boundaries</keyword><keyword>NGDA</keyword><keyword>U.S.</keyword><keyword>Polygon</keyword></searchKeys><resConst><Consts xmlns=""><useLimit>&lt;DIV STYLE="text-align:Left;"&gt;&lt;DIV&gt;&lt;DIV&gt;&lt;P&gt;&lt;SPAN&gt;All information contained in this file is in the public domain. Data users are advised to review NCES program documentation and feature class metadata to understand the limitations and appropriate use of these data.&lt;/SPAN&gt;&lt;/P&gt;&lt;/DIV&gt;&lt;/DIV&gt;&lt;/DIV&gt;</useLimit></Consts></resConst><placeKeys xmlns=""><thesaName xmlns=""><resTitle>ANSI INCITS 38:2009 (Formerly FIPS 5-2), ANSI INCITS 31:2009 (Formerly FIPS 6-4),ANSI INCITS 454:2009 (Formerly FIPS 8-6), ANSI INCITS 455:2009(Formerly FIPS 9-1), ANSI INCITS 446:2008 (Geographic Names Information System (GNIS))</resTitle></thesaName><keyword>United States</keyword><keyword>US</keyword></placeKeys><themeKeys xmlns=""><thesaName xmlns=""><resTitle>NGDA Portfolio Themes</resTitle></thesaName><keyword>NGDA</keyword><keyword>National Geospatial Data Asset</keyword><keyword>Governmental Units and Administrative and Statistical Boundaries Theme</keyword></themeKeys><themeKeys xmlns=""><thesaName xmlns=""><resTitle>ISO 19115 Topic Categories</resTitle></thesaName><keyword>Boundaries</keyword></themeKeys><themeKeys xmlns=""><keyword>Elementary School District</keyword><keyword>Secondary School District</keyword><keyword>Unified School District</keyword><keyword>School District</keyword><keyword>Polygon</keyword></themeKeys><dataChar><CharSetCd value="004"/></dataChar><resConst><LegConsts xmlns=""><useLimit>No warranty, expressed or implied is made with regard to the accuracy of these data, and no liability is assumed by the U.S. Government in general or the U.S. Census Bureau in specific as to the spatial or attribute accuracy of the data. The act of distribution shall not constitute any such warranty and no responsibility is assumed by the U.S. government in the use of these files. The boundary information in the TIGER/Line Shapefiles is for statistical data collection and tabulation purposes only; their depiction and designation for statistical purposes do not constitute a determination of jurisdictional authority or rights of ownership or entitlement and they are not legal land descriptions.</useLimit></LegConsts></resConst><resConst><Consts xmlns=""><useLimit>&lt;DIV STYLE="text-align:Left;"&gt;&lt;DIV&gt;&lt;P&gt;&lt;SPAN&gt;The TIGER/Line Shapefile products are not copyrighted however TIGER/Line and Census TIGER are registered trademarks of the U.S. Census Bureau. These products are free to use in a product or publication, however acknowledgement must be given to the U.S. Census Bureau as the source. The boundary information in the TIGER/Line Shapefiles are for statistical data collection and tabulation purposes only; their depiction and designation for statistical purposes does not constitute a determination of jurisdictional authority or rights of ownership or entitlement and they are not legal land descriptions. Coordinates in the TIGER/Line shapefiles have six implied decimal places, but the positional accuracy of these coordinates is not as great as the six decimal places suggest.&lt;/SPAN&gt;&lt;/P&gt;&lt;/DIV&gt;&lt;/DIV&gt;</useLimit></Consts></resConst></dataIdInfo><mdLang><languageCode value="eng" Sync="TRUE"/><countryCode value="USA" Sync="TRUE"/></mdLang><mdChar><CharSetCd value="004" Sync="TRUE"/></mdChar><distInfo xmlns=""><distFormat xmlns=""><formatName Sync="TRUE">Shapefile</formatName></distFormat><distTranOps xmlns=""><transSize Sync="TRUE">289.822</transSize><onLineSrc xmlns=""><linkage>https://www.census.gov/geographies/mapping-files/time-series/geo/tiger-line-file.html</linkage></onLineSrc></distTranOps><distributor xmlns=""><distorCont xmlns=""><rpIndName>U.S. Department of Commerce, U.S. Census Bureau, Geography Division, Spatial Data Collection and Products Branch</rpIndName><role><RoleCd value="006"/></role><rpCntInfo xmlns=""><cntAddress addressType="postal"><city>4600 Silver Hill Road, Stop 7400</city><adminArea>Washington</adminArea><postCode>DC</postCode><eMailAdd>geo.geography@census.gov</eMailAdd><country>US</country></cntAddress><cntPhone><voiceNum tddtty="">301-763-1128</voiceNum></cntPhone></rpCntInfo><editorSave>False</editorSave><displayName>U.S. Department of Commerce, U.S. Census Bureau, Geography Division, Spatial Data Collection and Products Branch</displayName></distorCont><distorOrdPrc xmlns=""><resFees units="">The online copy of the TIGER/Line Shapefiles may be accessed without charge.</resFees><ordInstr>To obtain more information about ordering TIGER/Line Shapefiles visit https://www.census.gov/geographies/mapping-files/time-series/geo/tiger-line-file.html</ordInstr></distorOrdPrc><distorFormat xmlns=""><formatName>TGRSHP (compressed)</formatName><fileDecmTech>PK-ZIP, version 1.93 A or higher</fileDecmTech><formatInfo>The TIGER/Line shapefiles contain geographic data only and do not include display mapping software or statistical data. For information on how to use the TIGER/Line shapefile data with specific software package users shall contact the company that produced the software.</formatInfo></distorFormat></distributor></distInfo><mdHrLv><ScopeCd value="005" Sync="TRUE"/></mdHrLv><mdHrLvName Sync="TRUE">dataset</mdHrLvName><refSysInfo><RefSystem><refSysID><identCode code="4269" Sync="TRUE"/><idCodeSpace Sync="TRUE">EPSG</idCodeSpace><idVersion Sync="TRUE">6.12(3.0.1)</idVersion></refSysID></RefSystem></refSysInfo><spatRepInfo><VectSpatRep><geometObjs Name="schooldistrict_sy1819_tl19"><geoObjTyp><GeoObjTypCd value="002" Sync="TRUE"></GeoObjTypCd></geoObjTyp><geoObjCnt Sync="TRUE">13315</geoObjCnt></geometObjs><topLvl><TopoLevCd value="001" Sync="TRUE"></TopoLevCd></topLvl></VectSpatRep></spatRepInfo><spdoinfo><ptvctinf><esriterm Name="schooldistrict_sy1819_tl19"><efeatyp Sync="TRUE">Simple</efeatyp><efeageom code="4" Sync="TRUE"></efeageom><esritopo Sync="TRUE">FALSE</esritopo><efeacnt Sync="TRUE">13315</efeacnt><spindex Sync="TRUE">FALSE</spindex><linrefer Sync="TRUE">FALSE</linrefer></esriterm></ptvctinf></spdoinfo><eainfo><detailed Name="schooldistrict_sy1819_tl19" xmlns=""><enttyp><enttypl Sync="TRUE">schooldistrict_sy1819_tl19</enttypl><enttypt Sync="TRUE">Feature Class</enttypt><enttypc Sync="TRUE">13315</enttypc><enttypd>Current Elementary, Secondary, and Unified School Districts for the United States</enttypd><enttypds>U.S. Census Bureau</enttypds></enttyp><attr xmlns=""><attrlabl Sync="TRUE">FID</attrlabl><attalias Sync="TRUE">FID</attalias><attrtype Sync="TRUE">OID</attrtype><attwidth Sync="TRUE">4</attwidth><atprecis Sync="TRUE">0</atprecis><attscale Sync="TRUE">0</attscale><attrdef Sync="TRUE">Internal feature number.</attrdef><attrdefs Sync="TRUE">Esri</attrdefs><attrdomv><udom Sync="TRUE">Sequential unique whole numbers that are automatically generated.</udom></attrdomv></attr><attr xmlns=""><attrlabl Sync="TRUE">Shape</attrlabl><attalias Sync="TRUE">Shape</attalias><attrtype Sync="TRUE">Geometry</attrtype><attwidth Sync="TRUE">0</attwidth><atprecis Sync="TRUE">0</atprecis><attscale Sync="TRUE">0</attscale><attrdef Sync="TRUE">Feature geometry.</attrdef><attrdefs Sync="TRUE">Esri</attrdefs><attrdomv><udom Sync="TRUE">Coordinates defining the features.</udom></attrdomv></attr><attr xmlns=""><attrlabl Sync="TRUE">STATEFP</attrlabl><attalias Sync="TRUE">STATEFP</attalias><attrtype Sync="TRUE">String</attrtype><attwidth Sync="TRUE">2</attwidth><atprecis Sync="TRUE">0</atprecis><attscale Sync="TRUE">0</attscale><attrdef>Current state Federal Information Processing Series (FIPS) code</attrdef><attrdefs>U.S. Census Bureau</attrdefs><attrdomv><codesetd xmlns=""><codesetn>National Standard Codes (ANSI INCITS 38-2009), Federal Information Processing Series </codesetn><codesets>U.S. Census Bureau</codesets></codesetd></attrdomv></attr><attr xmlns=""><attrlabl Sync="TRUE">ELSDLEA</attrlabl><attalias Sync="TRUE">ELSDLEA</attalias><attrtype Sync="TRUE">String</attrtype><attwidth Sync="TRUE">5</attwidth><atprecis Sync="TRUE">0</atprecis><attscale Sync="TRUE">0</attscale><attrdef>Current elementary school district local education agency code</attrdef><attrdefs>local education agency</attrdefs><attrdomv><rdom xmlns=""><rdommin>00002</rdommin><rdommax>99007</rdommax></rdom></attrdomv></attr><attr xmlns=""><attrlabl Sync="TRUE">SCSDLEA</attrlabl><attalias Sync="TRUE">SCSDLEA</attalias><attrtype Sync="TRUE">String</attrtype><attwidth Sync="TRUE">5</attwidth><atprecis Sync="TRUE">0</atprecis><attscale Sync="TRUE">0</attscale><attrdef>Current secondary school district local education agency code</attrdef><attrdefs>local education agency</attrdefs><attrdomv><rdom xmlns=""><rdommin>00003</rdommin><rdommax>99965</rdommax></rdom></attrdomv></attr><attr xmlns=""><attrlabl Sync="TRUE">UNSDLEA</attrlabl><attalias Sync="TRUE">UNSDLEA</attalias><attrtype Sync="TRUE">String</attrtype><attwidth Sync="TRUE">5</attwidth><atprecis Sync="TRUE">0</atprecis><attscale Sync="TRUE">0</attscale><attrdef>Current unified school district local education agency code</attrdef><attrdefs>local education agency, U.S. Census Bureau</attrdefs><attrdomv><rdom xmlns=""><rdommin>00001</rdommin><rdommax>99997</rdommax></rdom></attrdomv></attr><attr xmlns=""><attrlabl Sync="TRUE">GEOID</attrlabl><attalias Sync="TRUE">GEOID</attalias><attrtype Sync="TRUE">String</attrtype><attwidth Sync="TRUE">7</attwidth><atprecis Sync="TRUE">0</atprecis><attscale Sync="TRUE">0</attscale><attrdef>School district identifier; a concatenation of the current state Federal Information Processing Series (FIPS) code and school district local education agency code.</attrdef><attrdefs>U.S. Census Bureau</attrdefs><attrdomv><udom>The GEOID attribute is a concatenation of the state FIPS code followed by either the secondary, elementary, or unified school district local education agency code. No spaces are allowed between the two codes. The State FIPS code is taken from "National Standard Codes (ANSI INCITS 38-2009), Federal Information Processing Series (FIPS) - States". The school district local education agency code is taken from the "SCSDLEA" attribute, the "ELSDLEA" attribute, or the "UNSDLEA" attribute.</udom></attrdomv></attr><attr xmlns=""><attrlabl Sync="TRUE">NAME</attrlabl><attalias Sync="TRUE">NAME</attalias><attrtype Sync="TRUE">String</attrtype><attwidth Sync="TRUE">100</attwidth><atprecis Sync="TRUE">0</atprecis><attscale Sync="TRUE">0</attscale><attrdef>Current school district name</attrdef><attrdefs>local school district</attrdefs><attrdomv><udom>Values for this attribute are composed of a set of school district names. As such, they do not exist in a known, predefined set.</udom></attrdomv></attr><attr xmlns=""><attrlabl Sync="TRUE">LSAD</attrlabl><attalias Sync="TRUE">LSAD</attalias><attrtype Sync="TRUE">String</attrtype><attwidth Sync="TRUE">2</attwidth><atprecis Sync="TRUE">0</atprecis><attscale Sync="TRUE">0</attscale><attrdef>Current legal/statistical area description code for school district</attrdef><attrdefs>U.S. Census Bureau</attrdefs><attrdomv><edom xmlns=""><edomv>00</edomv><edomvds>U.S. Census Bureau</edomvds></edom></attrdomv></attr><attr xmlns=""><attrlabl Sync="TRUE">LOGRADE</attrlabl><attalias Sync="TRUE">LOGRADE</attalias><attrtype Sync="TRUE">String</attrtype><attwidth Sync="TRUE">2</attwidth><atprecis Sync="TRUE">0</atprecis><attscale Sync="TRUE">0</attscale><attrdef>Current lowest grade covered by school district</attrdef><attrdefs>local school district</attrdefs><attrdomv><edom xmlns=""><edomv>PK</edomv><edomvd>Pre-Kindergarten</edomvd><edomvds>local school district</edomvds></edom><edom xmlns=""><edomv>KG</edomv><edomvd>Kindergarten</edomvd><edomvds>local school district</edomvds></edom><edom xmlns=""><edomv>06</edomv><edomvd>6th Grade</edomvd><edomvds>local school district</edomvds></edom><edom xmlns=""><edomv>07</edomv><edomvd>7th Grade</edomvd><edomvds>local school district</edomvds></edom><edom xmlns=""><edomv>09</edomv><edomvd>9th Grade</edomvd><edomvds>local school district</edomvds></edom></attrdomv></attr><attr xmlns=""><attrlabl Sync="TRUE">HIGRADE</attrlabl><attalias Sync="TRUE">HIGRADE</attalias><attrtype Sync="TRUE">String</attrtype><attwidth Sync="TRUE">2</attwidth><atprecis Sync="TRUE">0</atprecis><attscale Sync="TRUE">0</attscale><attrdef>Current highest grade covered by school district</attrdef><attrdefs>local school district</attrdefs><attrdomv><edom xmlns=""><edomv>05</edomv><edomvd>5th Grade</edomvd><edomvds>local school district</edomvds></edom><edom xmlns=""><edomv>06</edomv><edomvd>6th Grade</edomvd><edomvds>local school district</edomvds></edom><edom xmlns=""><edomv>08</edomv><edomvd>8th Grade</edomvd><edomvds>local school district</edomvds></edom><edom xmlns=""><edomv>12</edomv><edomvd>12th Grade</edomvd><edomvds>local school district</edomvds></edom></attrdomv></attr><attr xmlns=""><attrlabl Sync="TRUE">MTFCC</attrlabl><attalias Sync="TRUE">MTFCC</attalias><attrtype Sync="TRUE">String</attrtype><attwidth Sync="TRUE">5</attwidth><atprecis Sync="TRUE">0</atprecis><attscale Sync="TRUE">0</attscale><attrdef>MAF/TIGER feature class code</attrdef><attrdefs>U.S. Census Bureau</attrdefs><attrdomv><edom xmlns=""><edomv>G5400</edomv><edomvd>Elementary School District </edomvd><edomvds>U.S. Census Bureau</edomvds></edom><edom xmlns=""><edomv>G5410</edomv><edomvd>Secondary School District</edomvd><edomvds>U.S. Census Bureau</edomvds></edom><edom xmlns=""><edomv>G5420</edomv><edomvd>Unified School District </edomvd><edomvds>U.S. Census Bureau</edomvds></edom></attrdomv></attr><attr xmlns=""><attrlabl Sync="TRUE">SDTYP</attrlabl><attalias Sync="TRUE">SDTYP</attalias><attrtype Sync="TRUE">String</attrtype><attwidth Sync="TRUE">1</attwidth><atprecis Sync="TRUE">0</atprecis><attscale Sync="TRUE">0</attscale><attrdef>Current school district type</attrdef><attrdefs>U.S. Census Bureau</attrdefs><attrdomv><edom xmlns=""><edomv>A</edomv><edomvd>Pseudo</edomvd><edomvds>U.S. Census Bureau</edomvds></edom><edom xmlns=""><edomv>B</edomv><edomvd>DoD</edomvd><edomvds>U.S. Census Bureau</edomvds></edom><edom xmlns=""><edomv>C</edomv><edomvd>Interstate</edomvd><edomvds>U.S. Census Bureau</edomvds></edom><edom xmlns=""><edomv>D</edomv><edomvd>BIA</edomvd><edomvds>U.S. Census Bureau</edomvds></edom><edom xmlns=""><edomv>E</edomv><edomvd>Same Name</edomvd><edomvds>U.S. Census Bureau</edomvds></edom><edom xmlns=""><edomv>F</edomv><edomvd>Administrative Area</edomvd><edomvds>U.S. Census Bureau</edomvds></edom></attrdomv></attr><attr xmlns=""><attrlabl Sync="TRUE">FUNCSTAT</attrlabl><attalias Sync="TRUE">FUNCSTAT</attalias><attrtype Sync="TRUE">String</attrtype><attwidth Sync="TRUE">1</attwidth><atprecis Sync="TRUE">0</atprecis><attscale Sync="TRUE">0</attscale><attrdef>Current functional status</attrdef><attrdefs>U.S. Census Bureau</attrdefs><attrdomv><edom xmlns=""><edomv>E</edomv><edomvd>Active government providing special-purpose functions</edomvd><edomvds>U.S. Census Bureau</edomvds></edom><edom xmlns=""><edomv>F</edomv><edomvd>Fictitious Entity created to fill the Census Bureau geographic hierarchy</edomvd><edomvds>U.S. Census Bureau</edomvds></edom><edom xmlns=""><edomv>I</edomv><edomvd>Inactive governmental unit that has the power to provide primary special-purpose functions</edomvd><edomvds>U.S. Census Bureau</edomvds></edom><edom xmlns=""><edomv>N</edomv><edomvd>Nonfunctioning legal entity</edomvd><edomvds>U.S. Census Bureau</edomvds></edom></attrdomv></attr><attr xmlns=""><attrlabl Sync="TRUE">ALAND</attrlabl><attalias Sync="TRUE">ALAND</attalias><attrtype Sync="TRUE">Double</attrtype><attwidth Sync="TRUE">19</attwidth><atprecis Sync="TRUE">0</atprecis><attscale Sync="TRUE">0</attscale><attrdef>Current land area (square meters)</attrdef><attrdefs>U.S. Census Bureau</attrdefs><attrdomv><rdom xmlns=""><rdommin>0</rdommin><rdommax>9,999,999,999,999</rdommax></rdom></attrdomv></attr><attr xmlns=""><attrlabl Sync="TRUE">AWATER</attrlabl><attalias Sync="TRUE">AWATER</attalias><attrtype Sync="TRUE">Double</attrtype><attwidth Sync="TRUE">19</attwidth><atprecis Sync="TRUE">0</atprecis><attscale Sync="TRUE">0</attscale><attrdef>Current water area (square meters)</attrdef><attrdefs>U.S. Census Bureau</attrdefs><attrdomv><rdom xmlns=""><rdommin>0</rdommin><rdommax>9,999,999,999,999</rdommax></rdom></attrdomv></attr><attr xmlns=""><attrlabl Sync="TRUE">INTPTLAT</attrlabl><attalias Sync="TRUE">INTPTLAT</attalias><attrtype Sync="TRUE">String</attrtype><attwidth Sync="TRUE">11</attwidth><atprecis Sync="TRUE">0</atprecis><attscale Sync="TRUE">0</attscale><attrdef>Current latitude of the internal point</attrdef><attrdefs>U.S. Census Bureau</attrdefs><attrdomv><rdom xmlns=""><rdommin>-90.000000</rdommin><rdommax>90.000000</rdommax></rdom></attrdomv></attr><attr xmlns=""><attrlabl Sync="TRUE">INTPTLON</attrlabl><attalias Sync="TRUE">INTPTLON</attalias><attrtype Sync="TRUE">String</attrtype><attwidth Sync="TRUE">12</attwidth><atprecis Sync="TRUE">0</atprecis><attscale Sync="TRUE">0</attscale><attrdef>Current longitude of the internal point</attrdef><attrdefs>U.S. Census Bureau</attrdefs><attrdomv><rdom xmlns=""><rdommin>-180.000000</rdommin><rdommax>180.000000</rdommax></rdom></attrdomv></attr><attr xmlns=""><attrlabl Sync="TRUE">GEO_YEAR</attrlabl><attalias Sync="TRUE">GEO_YEAR</attalias><attrtype Sync="TRUE">String</attrtype><attwidth Sync="TRUE">4</attwidth><atprecis Sync="TRUE">0</atprecis><attscale Sync="TRUE">0</attscale><attrdef>Current TIGER/Line vintage</attrdef><attrdefs>U.S. Census Bureau</attrdefs></attr><attr xmlns=""><attrlabl Sync="TRUE">SCHOOLYEAR</attrlabl><attalias Sync="TRUE">SCHOOLYEAR</attalias><attrtype Sync="TRUE">String</attrtype><attwidth Sync="TRUE">15</attwidth><atprecis Sync="TRUE">0</atprecis><attscale Sync="TRUE">0</attscale><attrdef>Current academic year</attrdef><attrdefs>local education agency, U.S. Census Bureau</attrdefs></attr></detailed></eainfo><mdDateSt Sync="TRUE">20191008</mdDateSt><mdContact xmlns=""><rpIndName>U.S. Department of Commerce, U.S. Census Bureau, Geography Division, Spatial Data Collection and Products Branch</rpIndName><role><RoleCd value="006"/></role><rpCntInfo xmlns=""><cntAddress addressType="postal"><city>4600 Silver Hill Road, Stop 7400</city><adminArea>Washington</adminArea><postCode>DC</postCode><eMailAdd>geo.geography@census.gov</eMailAdd><country>US</country></cntAddress><cntPhone><voiceNum tddtty="">301-763-1128</voiceNum></cntPhone></rpCntInfo></mdContact><mdContact xmlns=""><rpIndName>Douglas Geverdt</rpIndName><rpOrgName>National Center for Education Statistics</rpOrgName><role><RoleCd value="007"/></role><rpCntInfo xmlns=""><cntAddress addressType="postal"><delPoint>550 12th Street, SW, #4038</delPoint><city>Washington</city><adminArea>DC</adminArea><postCode>20202</postCode><eMailAdd>Douglas.Geverdt@ed.gov</eMailAdd><country>US</country></cntAddress><cntPhone><voiceNum tddtty="">(202) 245-8230</voiceNum></cntPhone></rpCntInfo></mdContact><spatRepInfo><Indref>Federal Information Processing Series (FIPS), Geographic Names Information System (GNIS), and feature names.</Indref><VectSpatRep><geometObjs Name="schooldistrict_sy1819_tl19"><geoObjTyp><GeoObjTypCd value="002" Sync="TRUE"></GeoObjTypCd></geoObjTyp><geoObjCnt Sync="TRUE">13315</geoObjCnt></geometObjs><topLvl><TopoLevCd value="001" Sync="TRUE"></TopoLevCd></topLvl></VectSpatRep></spatRepInfo><dqInfo xmlns=""><report type="DQConcConsis" dimension="" xmlns=""><measDesc>The Census Bureau performed automated tests to ensure logical consistency and limits of shapefiles. Segments making up the outer and inner boundaries of a polygon tie end-to-end to completely enclose the area. All polygons are tested for closure. The Census Bureau uses its internally developed geographic update system to enhance and modify spatial and attribute data in the Census MAF/TIGER database. Standard geographic codes, such as FIPS codes for states, counties, municipalities, county subdivisions, places, American Indian/Alaska Native/Native Hawaiian areas, and congressional districts are used when encoding spatial entities. The Census Bureau performed spatial data tests for logical consistency of the codes during the compilation of the original Census MAF/TIGER database files. Most of the codes for geographic entities except states, counties, urban areas, Core Based Statistical Areas (CBSAs), American Indian Areas (AIAs), and congressional districts were provided to the Census Bureau by the USGS, the agency responsible for maintaining the Geographic Names Information System (GNIS). Feature attribute information has been examined but has not been fully tested for consistency. For the TIGER/Line Shapefiles, the Point and Vector Object Count for the G-polygon SDTS Point and Vector Object Type reflects the number of records in the shapefile attribute table. For multi-polygon features, only one attribute record exists for each multi-polygon rather than one attribute record per individual G-polygon component of the multi-polygon feature. TIGER/Line Shapefile multi-polygons are an exception to the G-polygon object type classification. Therefore, when multi-polygons exist in a shapefile, the object count will be less than the actual number of G-polygons.</measDesc></report><report type="DQCompOm" dimension="" xmlns=""><measDesc>Data completeness of the TIGER/Line Shapefiles reflects the contents of the Census MAF/TIGER database at the time the TIGER/Line Shapefiles were created.</measDesc></report><report type="DQQuanAttAcc" dimension="" xmlns=""><measDesc>TIGER/Line Shapefiles are extracted from the Census MAF/TIGER database by nation, state, county, and entity. Census MAF/TIGER data for all of the aforementioned geographic entities are then distributed among the shapefiles each containing attributes for line, polygon, or landmark geographic data.</measDesc></report><dataLineage><dataSource xmlns="" type=""><srcDesc>All line segments</srcDesc><srcMedName><MedNameCd value="015"/></srcMedName><srcCitatn xmlns=""><resTitle>Census MAF/TIGER database</resTitle><resAltTitle>MAF/TIGER</resAltTitle><citRespParty xmlns=""><rpIndName>U.S. Department of Commerce, U.S. Census Bureau, Geography Division, Spatial Data Collection and Products Branch</rpIndName><role><RoleCd value="006"/></role><rpCntInfo><cntAddress addressType="postal"><city>4600 Silver Hill Road, Stop 7400</city><adminArea>Washington</adminArea><postCode>DC</postCode><eMailAdd>geo.geography@census.gov</eMailAdd><country>US</country></cntAddress><cntPhone><voiceNum tddtty="">301-763-1128</voiceNum></cntPhone></rpCntInfo><displayName>U.S. Department of Commerce, U.S. Census Bureau, Geography Division, Spatial Data Collection and Products Branch</displayName></citRespParty></srcCitatn></dataSource><prcStep xmlns=""><stepDesc>TIGER/Line Shapefiles are extracted from the Census MAF/TIGER database by nation, state, county, and entity. Census MAF/TIGER data for all of the aforementioned geographic entities are then distributed among the shapefiles each containing attributes for line, polygon, or landmark geographic data.</stepDesc></prcStep></dataLineage></dqInfo></metadata>
